{"client_meta":{"background_color":{"r":0.9607843160629272,"g":0.9607843160629272,"b":0.9607843160629272,"a":1},"thumbnail_size":{"width":400,"height":265},"render_coordinates":{"x":-1216,"y":-1136,"width":8048,"height":5332.208984375}},"file_name":"Untitled","developer_related_links":[]}